<?xml version="1.0" encoding="utf-8"?>


<extension type="component"	version="3.2.0"	method="upgrade">
	
	<name>Hello World</name>
	<creationDate>April 2017</creationDate>
	<author>Christoph Weis</author>
	<authorUrl>http://www.example.org</authorUrl>
	<copyright>copyright Info</copyright>
	<license>License Info</license>
	
	<version>0.0.1</version>
	<description>A Simple Hello World component</description>
	<update>
		<schemas>
			<schemapath type="mysql">sql/updates/mysql</schemapath>
		</schemas>
	</update>
	
	<!-- Site Main File Copy Section -->
	<!-- Note the folder attribute: This attribute describes the folder
		to copy FROM in the package to install therefore files copied
		in this section are copied from /site/ in the package -->
	
	<files folder="site">
		<filename>index.html</filename>
		<filename>helloworld.php</filename>
		
	</files>
	
	<administration>
	<!-- Administration Menu Section -->
		<menu link="index.php?option=com_helloworld">Hello World!</menu>
		<!-- Administration Main File Copy Section -->
		<!-- Note the folder attribute: This attribute describes the folder
			to copy FROM in the package to install therefore files copied
			in this section are copied from /admin/ in the package -->
		
		
		<files folder="admin">
			<!-- Admin Main File copy section -->
			<filename>index.html</filename>
			<filename>helloworld.php</filename>
			<folder>sql</folder>
		</files>
	</administration>
</extension>